Emp ID,First Name,Last Name,Email,Salary,User Name,Password,Age,PhoneNumber,Account number
677509,Lois,Walker,lois.walker@hotmail.com,168251,lhwalker,DCa}.T}X:v?NP,36.36,303-572-8492,1.37E+16
940761,Brenda,Robinson,brenda.robinson@gmail.com,51063,bsrobinson,TCo\j#Zg;SQ~o,47.02,225-945-4954,7.11E+16
428945,Joe,Robinson,joe.robinson@gmail.com,50155,jwrobinson,GO4$J8MiEh[A,54.15,219-904-2161,5.32E+16
408351,Diane,Evans,diane.evans@yahoo.com,180294,dievans,0gGRtp1HfL<r5,39.67,215-793-6791,3.69E+15
193819,Benjamin,Russell,benjamin.russell@charter.net,117642,brrussell,Rd<Y8cp!@R;*%F,40.31,262-404-2252,3.75E+16
499687,Patrick,Bailey,patrick.bailey@aol.com,72305,pfbailey,K7&5aY/*,34.86,319-812-6957,7.00E+16
539712,Nancy,Baker,nancy.baker@bp.com,98189,ntbaker,xJdKlAcYQhT_BE#,22.14,229-336-5117,8.91E+16
380086,Carol,Murphy,carol.murphy@gmail.com,60918,cvmurphy,Uc+VG%vuZU<k,59.12,216-336-0009,1.25E+16
477616,Frances,Young,frances.young@gmail.com,121587,fbyoung,K}^USc0l7[A,58.18,210-819-9765,8.74E+15
162402,Diana,Peterson,diana.peterson@hotmail.co.uk,43010,dtpeterson,3o8>v&tYxjyEAo,29.73,479-783-5656,6.43E+16
231469,Ralph,Flores,ralph.flores@yahoo.com,118457,rlflores,7tP\LrSr}\qTqj,42.5,316-280-2864,7.01E+16
153989,Jack,Alexander,jack.alexander@gmail.com,82965,jcalexander,9L*-O1U.9mSUSh,22.21,702-603-3769,8.22E+15
386158,Melissa,King,melissa.king@comcast.net,166892,mqking,FE5i<e-Y}[4f78,45.45,216-605-3731,5.87E+16
301576,Wayne,Watson,wayne.watson@gmail.com,92758,wgwatson,wM4J{]&j\-eGc,21.1,701-231-9370,3.84E+16
441771,Cheryl,Scott,cheryl.scott@gmail.com,92220,coscott,Vbb+~2N|_yR,59.47,215-288-9345,2.33E+16
528509,Paula,Diaz,paula.diaz@gmail.com,152654,pgdiaz,3Kg55luU,50.97,252-531-7641,5.30E+16
912990,Joshua,Stewart,joshua.stewart@yahoo.ca,184896,jtstewart,K?vi9BBznj,47.23,217-279-9342,9.47E+16
214352,Theresa,Lee,theresa.lee@gmail.com,197537,tglee,JS#hN&Xij\%QEr,24.66,319-553-8919,9.38E+16
890290,Julia,Scott,julia.scott@apple.com,141518,jsscott,r.:Q7c^Tpb,58.08,423-939-1010,7.14E+16
622406,Thomas,Lewis,thomas.lewis@gmail.com,73862,tqlewis,y;OJd_Oa#4g|!G,49.85,314-679-3697,7.36E+16
979607,Carol,Edwards,carol.edwards@msn.com,93967,cjedwards,wi>v-a9gt,22.64,225-283-4295,2.93E+16
969580,Matthew,Turner,matthew.turner@gmail.com,52237,mlturner,I>tL>d[|lZdi_|^,23.77,236-972-7624,4.58E+16
426038,Joan,Stewart,joan.stewart@yahoo.com,111673,jcstewart,q@mq.U~D#1MPgZ,44.72,216-637-6800,5.93E+16
388642,Ruby,Rogers,ruby.rogers@gmail.com,160623,rrrogers,t>#P@D9s<:9\V,37.27,423-231-6507,4.94E+16
560455,Carolyn,Hayes,carolyn.hayes@hotmail.co.uk,42005,cvhayes,NY!Y2sw.[_v-Q9{,59.42,239-882-8784,1.32E+16
477253,Anne,Russell,anne.russell@ibm.com,103160,alrussell,c8Nk&Y^~Vz!2,28.02,605-635-1306,2.41E+16
263480,Daniel,Cooper,daniel.cooper@yahoo.com,153790,dkcooper,d8p{Pwx2fsW0-Z,27.59,701-510-8162,8.03E+15
683826,Roger,Roberts,roger.roberts@gmail.com,129625,rlroberts,41:C_0ik|Jb0iTO,48.09,206-497-3141,7.07E+15
474599,Maria,Walker,maria.walker@microsoft.com,48944,mwwalker,cw?%U}s{?,42.39,423-668-5506,3.21E+16
335732,Brenda,Butler,brenda.butler@gmail.com,60508,bmbutler,u+CtpZ~gyR*>,53.68,480-814-8284,2.74E+16
329752,Lillian,Brown,lillian.brown@aol.com,67251,lxbrown,CG-M5~z:,36.24,239-812-9041,9.97E+16
893212,Amy,Howard,amy.howard@aol.com,112715,abhoward,tNo::TEG,36.14,803-613-3168,6.22E+16
621833,Gregory,Edwards,gregory.edwards@outlook.com,169245,gxedwards,V^sVy*MO{,23.92,503-256-9654,1.63E+15
456747,Roy,Griffin,roy.griffin@yahoo.com,170895,rzgriffin,qm&h<b.NsKaZ,26.24,219-506-9378,5.49E+16
278556,Richard,Mitchell,richard.mitchell@verizon.net,122226,rymitchell,RWeXJPOi:KpX<Rn,24.02,205-621-5884,9.50E+16
333476,Mary,Wilson,mary.wilson@sbcglobal.net,109394,mpwilson,Pwl&W:|<_,49.69,423-937-8660,4.04E+16
218791,Aaron,Price,aaron.price@bp.com,54402,anprice,uKxgV4uO&k@,48.49,219-287-8926,9.95E+16
134841,Donna,Brown,donna.brown@aol.com,129836,drbrown,u?%QOo2ykK,33.89,212-434-7910,9.49E+16
726264,Carl,Collins,carl.collins@yahoo.com,162159,cncollins,XinULSmjAFL/,43.63,479-740-7633,3.61E+15
766610,Joyce,Jenkins,joyce.jenkins@aol.com,119321,jejenkins,C5/iW3Ry#o{~elV,55.97,262-455-4187,8.42E+16
923947,Mary,Bryant,mary.bryant@verizon.net,155442,mgbryant,A[iR?Z1{,55.14,319-827-3516,8.95E+15
227922,Amanda,Hughes,amanda.hughes@rediffmail.com,114257,amhughes,B2N>J{_k7]F,35.02,225-544-9700,2.28E+16
265813,Jack,Campbell,jack.campbell@gmail.com,186280,jecampbell,rh\N>WRr4hl~l,32.58,316-499-5737,1.72E+15
247137,Alan,Rivera,alan.rivera@apple.com,154810,aerivera,rSuD~3HS*{S,38.65,423-277-6819,7.42E+16
407061,Elizabeth,Jackson,elizabeth.jackson@aol.com,85420,eqjackson,EAHcnWsf6xMRwr],52.99,603-568-6118,9.06E+16
226714,Nancy,Davis,nancy.davis@ibm.com,94986,nldavis,bv-KfTutT?0*pm,33.73,219-610-3067,3.77E+16
702813,Ernest,Martinez,ernest.martinez@gmail.com,172098,edmartinez,qe?JNGBY{[\7;dD,27.73,479-951-4138,9.50E+16
524896,Judy,Hernandez,judy.hernandez@gmail.com,133332,jyhernandez,kiB:v!j&?D!&NYY,56.38,316-736-6126,1.36E+16
363065,Nancy,Jones,nancy.jones@gmail.com,61924,nljones,J}HJq/zVF-Aq2,23.73,212-825-1930,9.76E+16
879753,Pamela,Wright,pamela.wright@aol.com,149262,pxwright,3a*&[Y^pV\0!rU,21.3,307-329-8832,2.50E+16
958326,Larry,Miller,larry.miller@shell.com,97904,ltmiller,2WgF#:ew**x#,28.76,217-574-9283,3.68E+16
447813,Ann,Coleman,ann.coleman@ibm.com,130014,aqcoleman,g2]GlvlL5,28.23,319-994-4179,2.60E+16
525955,Judy,Gonzales,judy.gonzales@gmail.com,149575,jcgonzales,yDl}pfaWs{Hro6,58.15,201-640-8645,4.08E+16
818384,Peter,Washington,peter.washington@bp.com,173226,pxwashington,97%d^2rk41!E>*Q,34.75,231-322-0316,8.18E+15
971640,Clarence,Ross,clarence.ross@apple.com,165272,caross,h&jmac@+QD?B,56.66,423-772-0118,3.05E+16
253573,Sharon,Lopez,sharon.lopez@gmail.com,190139,selopez,GsP~S?FYY,26.25,304-934-5548,1.62E+16
904898,Ann,Cooper,ann.cooper@exxonmobil.com,182521,aqcooper,i_^#>]tFpt,24.61,406-278-6460,8.20E+15
515103,Anne,Perez,anne.perez@sbcglobal.net,114426,aaperez,y;n9A#}b,59.27,423-837-3338,7.17E+16
491943,Nancy,Howard,nancy.howard@gmail.com,101553,nphoward,OC\&tG&?c,56.27,236-973-8086,6.47E+16
750173,Antonio,Roberts,antonio.roberts@hotmail.com,181646,arroberts,h>.g!B:VcNN,21.93,205-267-7304,9.28E+16
687017,Frances,Watson,frances.watson@outlook.com,46945,fpwatson,rjV1$at!wq53a$,56.53,406-530-8069,1.04E+16
241882,Debra,Wood,debra.wood@hotmail.com,84318,dgwood,iO8B@*yA*mG6b9o,47.78,308-646-6219,7.10E+16
758872,Henry,Jenkins,henry.jenkins@hotmail.com,102384,hyjenkins,zPnRU5Bo,32.75,314-731-7135,7.58E+16
940922,Melissa,Butler,melissa.butler@hotmail.com,167631,mxbutler,hY3BqUR>6F,22.72,308-827-9016,8.02E+16
917937,Todd,Hall,todd.hall@yahoo.com,163560,thhall,Lgdb8q<0L@-/,25.93,240-513-8668,5.39E+16
917395,Christopher,Nelson,christopher.nelson@aol.com,190765,cdnelson,QKae{1EP1A[SeX,57.37,480-946-9780,3.19E+16
183071,Andrea,Garcia,andrea.garcia@aol.com,54179,apgarcia,eI!^kXR]Q^V+,32.08,219-624-3708,2.77E+14
316110,Jeremy,Sanchez,jeremy.sanchez@hotmail.com,178847,jisanchez,Yg#Z+:CDwDV<*xZ,52.51,423-974-2755,3.93E+16
293459,Steven,Phillips,steven.phillips@hotmail.com,90108,sjphillips,ht}X55$P&g1,30.9,225-968-5952,9.77E+16
732017,Cynthia,Ramirez,cynthia.ramirez@btinternet.com,90531,cjramirez,qP-#AhuNuz*Wb],34.87,406-961-7340,3.96E+16
915638,Jason,Anderson,jason.anderson@gmail.com,76636,jwanderson,a3Hlk+.V/TjD,43.59,217-856-6752,2.51E+15
478003,Cynthia,White,cynthia.white@gmail.com,186200,cxwhite,mofyGR>.?Dwb4!,54.16,314-593-3092,9.43E+16
951225,Margaret,Brooks,margaret.brooks@gmail.com,43867,mnbrooks,0*2k8uW&:{i{,25.1,303-960-0117,8.05E+16
883936,Douglas,Flores,douglas.flores@gmail.com,181793,diflores,9||FLq|0tU|9>v,31.29,303-836-4721,2.80E+16
528673,Paul,Watson,paul.watson@hotmail.com,145235,pvwatson,7q{iHhbgWZ7%,58.43,270-556-7711,7.22E+16
765850,Linda,Moore,linda.moore@gmail.com,113256,lrmoore,0jj}jl_r/VmJ;,25.96,215-793-7095,8.02E+16
262382,Cheryl,Miller,cheryl.miller@ntlworld.com,64143,comiller,Nr-t/.^cWBO,32.29,270-880-3858,4.56E+16
870820,Martha,Washington,martha.washington@aol.com,116629,mgwashington,ju$7I]eH8{-,26.35,405-945-0242,4.99E+14
806955,William,Hernandez,william.hernandez@rediffmail.com,73734,wghernandez,BRB3DFywgZZ4,50.05,239-276-0532,5.06E+16
325319,Carolyn,Price,carolyn.price@yahoo.com,48736,cfprice,K*$u@MAoH,41.19,217-409-4338,4.71E+16
623253,Ruby,Stewart,ruby.stewart@gmail.com,174774,rqstewart,C\RjCUPJd[Ld],48.79,218-445-2369,2.61E+16
225925,Paul,Cooper,paul.cooper@gmail.com,73526,pdcooper,hW%ZbJ\fZ-,25.98,210-984-4722,9.54E+16
761821,Ernest,Washington,ernest.washington@msn.com,176675,egwashington,B\Wb^6W-,32.77,212-596-1659,5.32E+16
400173,Dorothy,Edwards,dorothy.edwards@hotmail.co.uk,179017,dkedwards,VWEIm3YKm65|D,33.55,215-902-6888,6.96E+16
802554,Ryan,Alexander,ryan.alexander@shell.com,106628,rvalexander,3N3]VFZx?MaC{,24.01,225-395-3347,6.96E+16
476433,Lillian,Mitchell,lillian.mitchell@shaw.ca,149878,lnmitchell,Ty/b@+;f,42.79,316-876-1484,6.28E+16
533952,Kelly,Adams,kelly.adams@bp.com,51878,kradams,OfK?#J|7&W\1T,42.21,405-418-0037,6.15E+15
623929,Jimmy,Howard,jimmy.howard@yahoo.com,120631,jrhoward,0v+|SfA0Xv+Pf%,50.7,212-855-9316,4.91E+16
844177,Margaret,Allen,margaret.allen@gmail.com,180107,mtallen,oC1OHlW%Sk@%6,35.91,216-697-6987,9.63E+15
212893,Janet,Henderson,janet.henderson@ntlworld.com,114481,jyhenderson,g-oCs-L/za,37.62,239-769-6347,2.11E+15
185032,Eugene,Perez,eugene.perez@exxonmobil.com,122950,edperez,g]SJn<W_/#,37.84,262-472-7112,1.52E+16
867084,Deborah,Smith,deborah.smith@yahoo.com,52767,desmith,C[WxHsB9,39.77,907-279-8694,9.73E+16
969964,Janice,Parker,janice.parker@yahoo.com,147641,jsparker,8wUbWmuib,37.57,314-842-5984,7.12E+16
158666,Rebecca,Stewart,rebecca.stewart@gmail.com,160043,rastewart,7ONuh3Zi^z#32r,56,209-233-7631,6.57E+16
489424,Phillip,White,phillip.white@gmail.com,181774,pfwhite,8<Mc.5]eu.*C8.,39.43,503-668-6592,6.07E+16
639892,Jose,Hill,jose.hill@hotmail.com,129774,jkhill,a_!SKb6h3?w*Mad,22.82,228-245-5000,4.84E+16
704709,Harold,Nelson,harold.nelson@gmail.com,156194,hznelson,z/-hEz3&^q5,32.61,217-555-9216,6.49E+16
461593,Nicole,Ward,nicole.ward@yahoo.com,95673,noward,AUe6s0@:@]A3Ze,52.66,231-761-7861,3.36E+15
392491,Theresa,Murphy,theresa.murphy@gmail.com,51015,trmurphy,V]PGw>4h9,29.6,907-356-1555,4.03E+16
495141,Tammy,Young,tammy.young@comcast.net,93650,tbyoung,d6!&xu12A1H^i![,38.38,231-290-3075,8.11E+16
